material,location,subsegment,group
2,Plant A,Fancy Writing Utensils,Group 4
6,Plant A,Fancy Writing Utensils,Group 4
12,Plant A,Fancy Writing Utensils,Group 4
16,Plant A,Fancy Writing Utensils,Group 4
20,Plant A,Fancy Writing Utensils,Group 4
21,Plant A,Fancy Writing Utensils,Group 4
22,Plant A,Fancy Writing Utensils,Group 4
24,Plant A,Fancy Writing Utensils,Group 4
26,Plant A,Fancy Writing Utensils,Group 4
28,Plant A,Fancy Writing Utensils,Group 4
31,Plant A,Fancy Writing Utensils,Group 4
32,Plant A,Fancy Writing Utensils,Group 4
44,Plant A,Fancy Writing Utensils,Group 4
46,Plant A,Fancy Writing Utensils,Group 4
47,Plant A,Fancy Writing Utensils,Group 4
48,Plant A,Fancy Writing Utensils,Group 4
50,Plant A,Fancy Writing Utensils,Group 4
51,Plant A,Fancy Writing Utensils,Group 4
52,Plant A,Fancy Writing Utensils,Group 4
54,Plant A,Fancy Writing Utensils,Group 4
58,Plant A,Fancy Writing Utensils,Group 4
60,Plant A,Fancy Writing Utensils,Group 4
61,Plant A,Fancy Writing Utensils,Group 4
73,Plant A,Fancy Writing Utensils,Group 4
82,Plant A,Fancy Writing Utensils,Group 4
84,Plant A,Fancy Writing Utensils,Group 4
86,Plant A,Fancy Writing Utensils,Group 4
88,Plant A,Fancy Writing Utensils,Group 4
89,Plant A,Fancy Writing Utensils,Group 4
93,Plant A,Fancy Writing Utensils,Group 4
102,Plant A,Fancy Writing Utensils,Group 4
106,Plant A,Fancy Writing Utensils,Group 4
114,Plant A,Fancy Writing Utensils,Group 4
116,Plant A,Fancy Writing Utensils,Group 4
118,Plant A,Fancy Writing Utensils,Group 4
121,Plant A,Fancy Writing Utensils,Group 4
123,Plant A,Fancy Writing Utensils,Group 4
128,Plant A,Fancy Writing Utensils,Group 4
137,Plant A,Fancy Writing Utensils,Group 4
142,Plant A,Fancy Writing Utensils,Group 4
144,Plant A,Fancy Writing Utensils,Group 4
146,Plant A,Fancy Writing Utensils,Group 4
148,Plant A,Fancy Writing Utensils,Group 4
157,Plant A,Fancy Writing Utensils,Group 4
162,Plant A,Fancy Writing Utensils,Group 4
164,Plant A,Fancy Writing Utensils,Group 4
165,Plant A,Fancy Writing Utensils,Group 4
170,Plant A,Fancy Writing Utensils,Group 4
173,Plant A,Fancy Writing Utensils,Group 4
186,Plant A,Fancy Writing Utensils,Group 4
192,Plant A,Fancy Writing Utensils,Group 4
202,Plant A,Fancy Writing Utensils,Group 4
207,Plant A,Fancy Writing Utensils,Group 4
208,Plant A,Fancy Writing Utensils,Group 4
210,Plant A,Fancy Writing Utensils,Group 4
218,Plant A,Fancy Writing Utensils,Group 4
224,Plant A,Fancy Writing Utensils,Group 4
229,Plant A,Fancy Writing Utensils,Group 4
230,Plant A,Fancy Writing Utensils,Group 4
231,Plant A,Fancy Writing Utensils,Group 4
236,Plant A,Fancy Writing Utensils,Group 4
237,Plant A,Fancy Writing Utensils,Group 4
239,Plant A,Fancy Writing Utensils,Group 4
243,Plant A,Fancy Writing Utensils,Group 4
245,Plant A,Fancy Writing Utensils,Group 4
250,Plant A,Fancy Writing Utensils,Group 4
252,Plant A,Fancy Writing Utensils,Group 4
263,Plant A,Fancy Writing Utensils,Group 4
264,Plant A,Fancy Writing Utensils,Group 4
265,Plant A,Fancy Writing Utensils,Group 4
272,Plant A,Fancy Writing Utensils,Group 4
273,Plant A,Fancy Writing Utensils,Group 4
276,Plant A,Fancy Writing Utensils,Group 4
282,Plant A,Fancy Writing Utensils,Group 4
284,Plant A,Fancy Writing Utensils,Group 4
291,Plant A,Fancy Writing Utensils,Group 4
303,Plant A,Fancy Writing Utensils,Group 4
306,Plant A,Fancy Writing Utensils,Group 4
308,Plant A,Fancy Writing Utensils,Group 4
309,Plant A,Fancy Writing Utensils,Group 4
310,Plant A,Fancy Writing Utensils,Group 4
314,Plant A,Fancy Writing Utensils,Group 4
319,Plant A,Fancy Writing Utensils,Group 4
321,Plant A,Fancy Writing Utensils,Group 4
328,Plant A,Fancy Writing Utensils,Group 5
329,Plant A,Fancy Writing Utensils,Group 5
331,Plant A,Fancy Writing Utensils,Group 5
335,Plant A,Fancy Writing Utensils,Group 5
337,Plant A,Fancy Writing Utensils,Group 5
339,Plant A,Fancy Writing Utensils,Group 5
345,Plant A,Fancy Writing Utensils,Group 5
350,Plant A,Fancy Writing Utensils,Group 5
353,Plant A,Fancy Writing Utensils,Group 5
358,Plant A,Fancy Writing Utensils,Group 5
361,Plant A,Fancy Writing Utensils,Group 5
368,Plant A,Fancy Writing Utensils,Group 5
370,Plant A,Fancy Writing Utensils,Group 5
371,Plant A,Fancy Writing Utensils,Group 5
373,Plant A,Fancy Writing Utensils,Group 5
378,Plant A,Fancy Writing Utensils,Group 5
381,Plant A,Fancy Writing Utensils,Group 5
384,Plant A,Fancy Writing Utensils,Group 5
385,Plant A,Fancy Writing Utensils,Group 5
386,Plant A,Fancy Writing Utensils,Group 5
391,Plant A,Fancy Writing Utensils,Group 5
392,Plant A,Fancy Writing Utensils,Group 5
394,Plant A,Fancy Writing Utensils,Group 5
401,Plant A,Fancy Writing Utensils,Group 5
424,Plant A,Fancy Writing Utensils,Group 5
430,Plant A,Fancy Writing Utensils,Group 5
440,Plant A,Fancy Writing Utensils,Group 5
446,Plant A,Fancy Writing Utensils,Group 5
450,Plant A,Fancy Writing Utensils,Group 5
451,Plant A,Fancy Writing Utensils,Group 2
453,Plant A,Fancy Writing Utensils,Group 2
457,Plant A,Fancy Writing Utensils,Group 2
459,Plant A,Fancy Writing Utensils,Group 2
465,Plant A,Fancy Writing Utensils,Group 2
467,Plant A,Fancy Writing Utensils,Group 2
473,Plant A,Fancy Writing Utensils,Group 2
483,Plant A,Fancy Writing Utensils,Group 2
486,Plant A,Fancy Writing Utensils,Group 2
487,Plant A,Fancy Writing Utensils,Group 2
491,Plant A,Fancy Writing Utensils,Group 2
499,Plant A,Fancy Writing Utensils,Group 2
500,Plant A,Fancy Writing Utensils,Group 2
501,Plant A,Fancy Writing Utensils,Group 2
512,Plant A,Fancy Writing Utensils,Group 2
521,Plant A,Fancy Writing Utensils,Group 2
523,Plant A,Fancy Writing Utensils,Group 2
524,Plant A,Fancy Writing Utensils,Group 2
525,Plant A,Fancy Writing Utensils,Group 2
532,Plant A,Fancy Writing Utensils,Group 2
538,Plant A,Fancy Writing Utensils,Group 2
541,Plant A,Fancy Writing Utensils,Group 2
542,Plant A,Fancy Writing Utensils,Group 2
543,Plant A,Fancy Writing Utensils,Group 2
545,Plant A,Fancy Writing Utensils,Group 2
547,Plant A,Fancy Writing Utensils,Group 2
548,Plant A,Fancy Writing Utensils,Group 2
552,Plant A,Fancy Writing Utensils,Group 2
553,Plant A,Fancy Writing Utensils,Group 2
557,Plant A,Fancy Writing Utensils,Group 2
563,Plant A,Fancy Writing Utensils,Group 2
567,Plant A,Fancy Writing Utensils,Group 2
569,Plant A,Fancy Writing Utensils,Group 2
574,Plant A,Fancy Writing Utensils,Group 2
579,Plant A,Fancy Writing Utensils,Group 2
581,Plant A,Fancy Writing Utensils,Group 2
582,Plant A,Fancy Writing Utensils,Group 2
583,Plant A,Fancy Writing Utensils,Group 2
587,Plant A,Fancy Writing Utensils,Group 2
590,Plant A,Fancy Writing Utensils,Group 2
595,Plant A,Fancy Writing Utensils,Group 2
601,Plant A,Fancy Writing Utensils,Group 2
602,Plant A,Fancy Writing Utensils,Group 2
604,Plant A,Fancy Writing Utensils,Group 2
613,Plant A,Fancy Writing Utensils,Group 2
625,Plant A,Fancy Writing Utensils,Group 2
626,Plant A,Fancy Writing Utensils,Group 2
627,Plant A,Fancy Writing Utensils,Group 2
639,Plant A,Fancy Writing Utensils,Group 2
644,Plant A,Fancy Writing Utensils,Group 2
655,Plant A,Fancy Writing Utensils,Group 2
658,Plant A,Fancy Writing Utensils,Group 2
664,Plant A,Fancy Writing Utensils,Group 2
667,Plant A,Fancy Writing Utensils,Group 2
670,Plant A,Fancy Writing Utensils,Group 2
672,Plant A,Fancy Writing Utensils,Group 2
673,Plant A,Fancy Writing Utensils,Group 2
674,Plant A,Fancy Writing Utensils,Group 2
675,Plant A,Fancy Writing Utensils,Group 2
676,Plant A,Fancy Writing Utensils,Group 2
677,Plant A,Fancy Writing Utensils,Group 2
678,Plant A,Fancy Writing Utensils,Group 2
679,Plant A,Fancy Writing Utensils,Group 2
680,Plant A,Fancy Writing Utensils,Group 2
681,Plant A,Fancy Writing Utensils,Group 2
683,Plant A,Fancy Writing Utensils,Group 2
685,Plant A,Fancy Writing Utensils,Group 2
686,Plant A,Fancy Writing Utensils,Group 2
693,Plant A,Fancy Writing Utensils,Group 2
695,Plant A,Fancy Writing Utensils,Group 2
704,Plant A,Fancy Writing Utensils,Group 2
706,Plant A,Writing Utensils,Group 8
708,Plant A,Writing Utensils,Group 8
709,Plant A,Writing Utensils,Group 8
711,Plant A,Writing Utensils,Group 8
713,Plant A,Writing Utensils,Group 8
716,Plant A,Writing Utensils,Group 8
729,Plant A,Writing Utensils,Group 8
734,Plant A,Writing Utensils,Group 8
737,Plant A,Writing Utensils,Group 8
740,Plant A,Writing Utensils,Group 8
741,Plant A,Writing Utensils,Group 8
744,Plant A,Writing Utensils,Group 8
746,Plant A,Writing Utensils,Group 8
750,Plant A,Writing Utensils,Group 8
751,Plant A,Writing Utensils,Group 8
754,Plant A,Writing Utensils,Group 8
755,Plant A,Writing Utensils,Group 8
757,Plant A,Writing Utensils,Group 8
758,Plant A,Writing Utensils,Group 8
760,Plant A,Writing Utensils,Group 8
761,Plant A,Writing Utensils,Group 8
762,Plant A,Writing Utensils,Group 8
763,Plant A,Writing Utensils,Group 8
764,Plant A,Writing Utensils,Group 8
768,Plant A,Writing Utensils,Group 8
773,Plant A,Writing Utensils,Group 8
774,Plant A,Writing Utensils,Group 8
775,Plant A,Writing Utensils,Group 8
776,Plant A,Writing Utensils,Group 8
777,Plant A,Writing Utensils,Group 8
778,Plant A,Writing Utensils,Group 8
783,Plant A,Writing Utensils,Group 8
785,Plant A,Writing Utensils,Group 8
801,Plant A,Writing Utensils,Group 1
809,Plant A,Writing Utensils,Group 1
812,Plant A,Writing Utensils,Group 1
813,Plant A,Writing Utensils,Group 1
815,Plant A,Writing Utensils,Group 1
817,Plant A,Writing Utensils,Group 1
819,Plant A,Writing Utensils,Group 1
821,Plant A,Writing Utensils,Group 1
823,Plant A,Writing Utensils,Group 1
825,Plant A,Writing Utensils,Group 1
827,Plant A,Writing Utensils,Group 1
829,Plant A,Writing Utensils,Group 1
833,Plant A,Writing Utensils,Group 1
835,Plant A,Writing Utensils,Group 1
839,Plant A,Writing Utensils,Group 1
841,Plant A,Writing Utensils,Group 1
843,Plant A,Writing Utensils,Group 1
845,Plant A,Writing Utensils,Group 1
857,Plant A,Writing Utensils,Group 1
879,Plant A,Writing Utensils,Group 1
881,Plant A,Writing Utensils,Group 1
889,Plant A,Writing Utensils,Group 1
893,Plant A,Writing Utensils,Group 1
895,Plant A,Writing Utensils,Group 1
906,Plant A,Writing Utensils,Group 1
908,Plant A,Writing Utensils,Group 1
919,Plant A,Writing Utensils,Group 1
939,Plant A,Writing Utensils,Group 1
940,Plant A,Writing Utensils,Group 1
944,Plant A,Writing Utensils,Group 1
953,Plant A,Writing Utensils,Group 1
961,Plant A,Writing Utensils,Group 1
972,Plant A,Writing Utensils,Group 1
994,Plant A,Writing Utensils,Group 1
997,Plant A,Writing Utensils,Group 1
1008,Plant A,Writing Utensils,Group 1
1015,Plant A,Writing Utensils,Group 1
1017,Plant A,Writing Utensils,Group 1
1018,Plant A,Writing Utensils,Group 1
1024,Plant A,Writing Utensils,Group 1
1033,Plant A,Writing Utensils,Group 1
1052,Plant A,Writing Utensils,Group 1
1054,Plant A,Writing Utensils,Group 1
1067,Plant A,Writing Utensils,Group 1
1068,Plant A,Writing Utensils,Group 1
1074,Plant A,Writing Utensils,Group 1
1076,Plant A,Writing Utensils,Group 1
1079,Plant A,Writing Utensils,Group 1
1080,Plant A,Writing Utensils,Group 1
1081,Plant A,Writing Utensils,Group 1
1083,Plant A,Writing Utensils,Group 1
1084,Plant A,Writing Utensils,Group 1
1085,Plant A,Writing Utensils,Group 1
1086,Plant A,Writing Utensils,Group 1
1087,Plant A,Writing Utensils,Group 1
1088,Plant A,Writing Utensils,Group 1
1092,Plant A,Writing Utensils,Group 1
1093,Plant A,Writing Utensils,Group 1
1094,Plant A,Writing Utensils,Group 1
1097,Plant A,Writing Utensils,Group 1
1103,Plant A,Writing Utensils,Group 1
1104,Plant A,Writing Utensils,Group 1
1105,Plant A,Writing Utensils,Group 1
1107,Plant A,Writing Utensils,Group 1
1109,Plant A,Writing Utensils,Group 1
1114,Plant A,Writing Utensils,Group 1
1115,Plant A,Writing Utensils,Group 1
1116,Plant A,Writing Utensils,Group 1
1117,Plant A,Writing Utensils,Group 1
1122,Plant A,Writing Utensils,Group 1
1127,Plant A,Writing Utensils,Group 1
1133,Plant A,Writing Utensils,Group 1
1149,Plant A,Writing Utensils,Group 1
1151,Plant A,Writing Utensils,Group 1
1152,Plant A,Writing Utensils,Group 1
1153,Plant A,Writing Utensils,Group 1
1154,Plant A,Writing Utensils,Group 1
1156,Plant A,Writing Utensils,Group 1
1157,Plant A,Writing Utensils,Group 1
1158,Plant A,Writing Utensils,Group 1
1159,Plant A,Writing Utensils,Group 1
1160,Plant A,Writing Utensils,Group 1
1161,Plant A,Writing Utensils,Group 1
1183,Plant A,Writing Utensils,Group 1
1190,Plant A,Writing Utensils,Group 1
1197,Plant A,Writing Utensils,Group 1
1200,Plant A,Writing Utensils,Group 1
1212,Plant A,Writing Utensils,Group 1
1221,Plant A,Writing Utensils,Group 1
1226,Plant A,Writing Utensils,Group 1
1229,Plant A,Writing Utensils,Group 1
1235,Plant A,Writing Utensils,Group 1
1243,Plant A,Writing Utensils,Group 1
1244,Plant A,Writing Utensils,Group 1
1251,Plant A,Writing Utensils,Group 1
1257,Plant A,Writing Utensils,Group 1
1258,Plant A,Writing Utensils,Group 1
1259,Plant A,Writing Utensils,Group 1
1260,Plant A,Writing Utensils,Group 1
1264,Plant A,Writing Utensils,Group 1
1268,Plant A,Writing Utensils,Group 1
1271,Plant A,Writing Utensils,Group 1
1272,Plant A,Writing Utensils,Group 1
1273,Plant A,Writing Utensils,Group 1
1274,Plant A,Writing Utensils,Group 1
1276,Plant A,Writing Utensils,Group 1
1277,Plant A,Writing Utensils,Group 1
1280,Plant A,Writing Utensils,Group 1
1282,Plant A,Writing Utensils,Group 1
1283,Plant A,Writing Utensils,Group 1
1284,Plant A,Writing Utensils,Group 1
1285,Plant A,Writing Utensils,Group 1
1286,Plant A,Writing Utensils,Group 1
1290,Plant A,Writing Utensils,Group 1
1299,Plant A,Writing Utensils,Group 1
1300,Plant A,Writing Utensils,Group 1
1306,Plant A,Writing Utensils,Group 1
1307,Plant A,Writing Utensils,Group 1
1308,Plant A,Writing Utensils,Group 1
1312,Plant A,Writing Utensils,Group 9
1316,Plant A,Writing Utensils,Group 9
1317,Plant A,Writing Utensils,Group 9
1320,Plant A,Writing Utensils,Group 9
1322,Plant A,Writing Utensils,Group 9
1323,Plant A,Writing Utensils,Group 9
1324,Plant A,Writing Utensils,Group 9
1326,Plant A,Writing Utensils,Group 9
1327,Plant A,Writing Utensils,Group 9
1329,Plant A,Writing Utensils,Group 9
1332,Plant A,Writing Utensils,Group 9
1339,Plant A,Writing Utensils,Group 9
1341,Plant A,Writing Utensils,Group 9
1349,Plant A,Writing Utensils,Group 9
1352,Plant A,Writing Utensils,Group 9
1353,Plant A,Writing Utensils,Group 9
1355,Plant A,Writing Utensils,Group 9
1356,Plant A,Writing Utensils,Group 9
1358,Plant A,Writing Utensils,Group 9
1361,Plant A,Writing Utensils,Group 9
1363,Plant A,Writing Utensils,Group 9
1367,Plant A,Writing Utensils,Group 9
1375,Plant A,Writing Utensils,Group 9
1377,Plant A,Writing Utensils,Group 9
1383,Plant A,Writing Utensils,Group 9
1387,Plant A,Writing Utensils,Group 9
1390,Plant A,Writing Utensils,Group 9
1392,Plant A,Writing Utensils,Group 9
1393,Plant A,Writing Utensils,Group 9
1394,Plant A,Writing Utensils,Group 9
1398,Plant A,Writing Utensils,Group 9
1400,Plant A,Writing Utensils,Group 9
1404,Plant A,Writing Utensils,Group 9
1406,Plant A,Writing Utensils,Group 9
1413,Plant A,Writing Utensils,Group 9
1416,Plant A,Writing Utensils,Group 9
1417,Plant A,Writing Utensils,Group 9
1425,Plant A,Writing Utensils,Group 9
1430,Plant A,Writing Utensils,Group 9
1431,Plant A,Writing Utensils,Group 9
1433,Plant A,Writing Utensils,Group 9
1437,Plant A,Writing Utensils,Group 9
1454,Plant A,Writing Utensils,Group 9
1459,Plant A,Writing Utensils,Group 9
1461,Plant A,Writing Utensils,Group 9
1464,Plant A,Writing Utensils,Group 9
1483,Plant A,Writing Utensils,Group 9
1486,Plant A,Writing Utensils,Group 9
1491,Plant A,Writing Utensils,Group 9
1496,Plant A,Writing Utensils,Group 9
1497,Plant A,Writing Utensils,Group 9
1499,Plant A,Writing Utensils,Group 9
1503,Plant A,Writing Utensils,Group 9
1506,Plant A,Writing Utensils,Group 9
1513,Plant A,Writing Utensils,Group 9
1517,Plant A,Writing Utensils,Group 9
1519,Plant A,Writing Utensils,Group 9
1521,Plant A,Writing Utensils,Group 9
1526,Plant A,Writing Utensils,Group 9
1531,Plant A,Writing Utensils,Group 9
1532,Plant A,Writing Utensils,Group 9
1534,Plant A,Writing Utensils,Group 9
1538,Plant A,Writing Utensils,Group 9
1544,Plant A,Writing Utensils,Group 9
1549,Plant A,Writing Utensils,Group 9
1552,Plant A,Writing Utensils,Group 9
1555,Plant A,Writing Utensils,Group 9
1567,Plant A,Writing Utensils,Group 9
1568,Plant A,Writing Utensils,Group 9
1570,Plant A,Writing Utensils,Group 9
1571,Plant A,Writing Utensils,Group 9
1574,Plant A,Writing Utensils,Group 9
1575,Plant A,Writing Utensils,Group 9
1578,Plant A,Writing Utensils,Group 9
1579,Plant A,Writing Utensils,Group 9
1581,Plant A,Writing Utensils,Group 9
1583,Plant A,Writing Utensils,Group 9
1584,Plant A,Writing Utensils,Group 9
1591,Plant A,Writing Utensils,Group 9
1592,Plant A,Writing Utensils,Group 9
1593,Plant A,Writing Utensils,Group 9
1595,Plant A,Writing Utensils,Group 9
1599,Plant A,Writing Utensils,Group 9
1602,Plant A,Writing Utensils,Group 9
1616,Plant A,Writing Utensils,Group 9
1621,Plant A,Writing Utensils,Group 9
1625,Plant A,Writing Utensils,Group 9
1626,Plant A,Writing Utensils,Group 9
1628,Plant A,Writing Utensils,Group 9
1632,Plant A,Writing Utensils,Group 9
1637,Plant A,Writing Utensils,Group 9
1649,Plant A,Writing Utensils,Group 9
1651,Plant A,Writing Utensils,Group 9
1654,Plant A,Writing Utensils,Group 9
1656,Plant A,Writing Utensils,Group 9
1658,Plant A,Writing Utensils,Group 9
1659,Plant A,Writing Utensils,Group 9
1666,Plant A,Writing Utensils,Group 9
1668,Plant A,Writing Utensils,Group 9
1671,Plant A,Writing Utensils,Group 9
1677,Plant A,Writing Utensils,Group 9
1686,Plant A,Writing Utensils,Group 9
1692,Plant A,Writing Utensils,Group 9
1693,Plant A,Writing Utensils,Group 9
1705,Plant A,Writing Utensils,Group 9
1706,Plant A,Writing Utensils,Group 9
1713,Plant A,Writing Utensils,Group 9
1714,Plant A,Writing Utensils,Group 9
1716,Plant A,Writing Utensils,Group 9
1717,Plant A,Writing Utensils,Group 9
1721,Plant A,Writing Utensils,Group 9
1730,Plant A,Writing Utensils,Group 9
1732,Plant A,Writing Utensils,Group 9
1738,Plant A,Writing Utensils,Group 9
1741,Plant A,Writing Utensils,Group 9
1742,Plant A,Writing Utensils,Group 9
1745,Plant A,Writing Utensils,Group 9
1751,Plant A,Writing Utensils,Group 9
1752,Plant A,Writing Utensils,Group 9
1764,Plant A,Writing Utensils,Group 9
1769,Plant A,Writing Utensils,Group 9
1772,Plant A,Writing Utensils,Group 9
1773,Plant A,Writing Utensils,Group 9
1786,Plant A,Writing Utensils,Group 9
1793,Plant A,Writing Utensils,Group 9
1797,Plant A,Writing Utensils,Group 9
1799,Plant A,Writing Utensils,Group 9
1800,Plant A,Writing Utensils,Group 9
1801,Plant A,Writing Utensils,Group 9
1803,Plant A,Writing Utensils,Group 9
1805,Plant A,Writing Utensils,Group 9
1806,Plant A,Writing Utensils,Group 9
1810,Plant A,Writing Utensils,Group 9
1818,Plant A,Writing Utensils,Group 9
1821,Plant A,Writing Utensils,Group 9
1822,Plant A,Writing Utensils,Group 9
1832,Plant A,Writing Utensils,Group 9
1835,Plant A,Writing Utensils,Group 9
1837,Plant A,Writing Utensils,Group 9
1845,Plant A,Writing Utensils,Group 9
1848,Plant A,Writing Utensils,Group 9
1855,Plant A,Writing Utensils,Group 9
1856,Plant A,Writing Utensils,Group 9
1863,Plant A,Writing Utensils,Group 9
1864,Plant A,Writing Utensils,Group 9
1866,Plant A,Writing Utensils,Group 9
1869,Plant A,Writing Utensils,Group 9
1871,Plant A,Writing Utensils,Group 9
1874,Plant A,Writing Utensils,Group 9
1877,Plant A,Writing Utensils,Group 9
1879,Plant A,Writing Utensils,Group 9
1885,Plant A,Writing Utensils,Group 9
1889,Plant A,Writing Utensils,Group 9
1896,Plant A,Writing Utensils,Group 9
1902,Plant A,Writing Utensils,Group 9
1909,Plant A,Writing Utensils,Group 9
1910,Plant A,Writing Utensils,Group 9
1911,Plant A,Writing Utensils,Group 9
1912,Plant A,Writing Utensils,Group 9
1914,Plant A,Writing Utensils,Group 9
1916,Plant A,Writing Utensils,Group 9
1921,Plant A,Writing Utensils,Group 9
1932,Plant A,Writing Utensils,Group 9
1940,Plant A,Writing Utensils,Group 9
1943,Plant A,Writing Utensils,Group 9
1952,Plant A,Writing Utensils,Group 9
1953,Plant A,Writing Utensils,Group 9
1956,Plant A,Writing Utensils,Group 9
1957,Plant A,Writing Utensils,Group 9
1962,Plant A,Writing Utensils,Group 9
1963,Plant A,Writing Utensils,Group 9
1966,Plant A,Writing Utensils,Group 9
1967,Plant A,Writing Utensils,Group 9
1970,Plant A,Writing Utensils,Group 9
1971,Plant A,Writing Utensils,Group 9
1979,Plant A,Writing Utensils,Group 9
1981,Plant A,Writing Utensils,Group 9
1987,Plant A,Writing Utensils,Group 9
1988,Plant A,Writing Utensils,Group 9
1998,Plant A,Writing Utensils,Group 9
2012,Plant A,Writing Utensils,Group 9
2019,Plant A,Writing Utensils,Group 9
2020,Plant A,Writing Utensils,Group 9
2034,Plant A,Writing Utensils,Group 9
2038,Plant A,Writing Utensils,Group 9
2043,Plant A,Writing Utensils,Group 9
2062,Plant A,Writing Utensils,Group 9
2073,Plant A,Writing Utensils,Group 9
2081,Plant A,Writing Utensils,Group 9
2083,Plant A,Writing Utensils,Group 9
2085,Plant A,Writing Utensils,Group 9
2090,Plant A,Writing Utensils,Group 9
2093,Plant A,Writing Utensils,Group 9
2098,Plant A,Writing Utensils,Group 9
2100,Plant A,Writing Utensils,Group 9
2104,Plant A,Writing Utensils,Group 9
2108,Plant A,Writing Utensils,Group 9
2110,Plant A,Writing Utensils,Group 9
2117,Plant A,Writing Utensils,Group 9
2118,Plant A,Writing Utensils,Group 9
2121,Plant A,Writing Utensils,Group 9
2122,Plant A,Writing Utensils,Group 9
2126,Plant A,Writing Utensils,Group 9
2127,Plant A,Writing Utensils,Group 9
2130,Plant A,Writing Utensils,Group 9
2137,Plant A,Writing Utensils,Group 9
2145,Plant A,Writing Utensils,Group 9
2146,Plant A,Writing Utensils,Group 9
2147,Plant A,Writing Utensils,Group 9
2148,Plant A,Writing Utensils,Group 9
2153,Plant A,Writing Utensils,Group 9
2155,Plant A,Writing Utensils,Group 9
2158,Plant A,Writing Utensils,Group 9
2159,Plant A,Writing Utensils,Group 9
2163,Plant A,Writing Utensils,Group 9
2164,Plant A,Writing Utensils,Group 9
2170,Plant A,Writing Utensils,Group 9
2171,Plant A,Writing Utensils,Group 9
2174,Plant A,Writing Utensils,Group 9
2175,Plant A,Writing Utensils,Group 9
2178,Plant A,Writing Utensils,Group 9
2180,Plant A,Writing Utensils,Group 9
2184,Plant A,Writing Utensils,Group 9
2186,Plant A,Writing Utensils,Group 9
2189,Plant A,Writing Utensils,Group 9
2192,Plant A,Writing Utensils,Group 9
2194,Plant A,Writing Utensils,Group 9
2197,Plant A,Writing Utensils,Group 9
2199,Plant A,Writing Utensils,Group 9
2202,Plant A,Writing Utensils,Group 9
2205,Plant A,Writing Utensils,Group 9
2208,Plant A,Writing Utensils,Group 9
2222,Plant A,Writing Utensils,Group 9
2229,Plant A,Writing Utensils,Group 9
2232,Plant A,Writing Utensils,Group 9
2233,Plant A,Writing Utensils,Group 9
2234,Plant A,Writing Utensils,Group 9
2236,Plant A,Writing Utensils,Group 9
2246,Plant A,Writing Utensils,Group 9
2249,Plant A,Writing Utensils,Group 9
2255,Plant A,Writing Utensils,Group 9
2257,Plant A,Writing Utensils,Group 9
2258,Plant A,Writing Utensils,Group 9
2259,Plant A,Writing Utensils,Group 9
2267,Plant A,Writing Utensils,Group 9
2276,Plant A,Writing Utensils,Group 9
2279,Plant A,Writing Utensils,Group 9
2282,Plant A,Writing Utensils,Group 9
2283,Plant A,Writing Utensils,Group 9
2287,Plant A,Writing Utensils,Group 9
2292,Plant A,Writing Utensils,Group 9
2300,Plant A,Writing Utensils,Group 9
2301,Plant A,Writing Utensils,Group 9
2303,Plant A,Writing Utensils,Group 9
2304,Plant A,Writing Utensils,Group 9
2308,Plant A,Writing Utensils,Group 9
2309,Plant A,Writing Utensils,Group 9
2312,Plant A,Writing Utensils,Group 9
2316,Plant A,Writing Utensils,Group 9
2319,Plant A,Writing Utensils,Group 9
2320,Plant A,Writing Utensils,Group 9
2329,Plant A,Writing Utensils,Group 9
2332,Plant A,Writing Utensils,Group 9
2338,Plant A,Writing Utensils,Group 9
2349,Plant A,Writing Utensils,Group 9
2351,Plant A,Writing Utensils,Group 9
2352,Plant A,Writing Utensils,Group 9
2356,Plant A,Writing Utensils,Group 9
2359,Plant A,Writing Utensils,Group 9
2371,Plant A,Writing Utensils,Group 9
2372,Plant A,Writing Utensils,Group 9
2375,Plant A,Writing Utensils,Group 9
2379,Plant A,Writing Utensils,Group 9
2381,Plant A,Writing Utensils,Group 9
2383,Plant A,Writing Utensils,Group 9
2389,Plant A,Writing Utensils,Group 9
2390,Plant A,Writing Utensils,Group 9
2392,Plant A,Writing Utensils,Group 9
2402,Plant A,Writing Utensils,Group 9
2406,Plant A,Writing Utensils,Group 9
2408,Plant A,Writing Utensils,Group 9
2409,Plant A,Writing Utensils,Group 9
2414,Plant A,Writing Utensils,Group 9
2417,Plant A,Writing Utensils,Group 9
2418,Plant A,Writing Utensils,Group 9
2419,Plant A,Writing Utensils,Group 9
2423,Plant A,Writing Utensils,Group 9
2426,Plant A,Writing Utensils,Group 9
2432,Plant A,Writing Utensils,Group 9
2434,Plant A,Writing Utensils,Group 9
2436,Plant A,Writing Utensils,Group 9
2438,Plant A,Writing Utensils,Group 12
2439,Plant A,Writing Utensils,Group 12
2440,Plant A,Writing Utensils,Group 12
2443,Plant A,Writing Utensils,Group 12
2444,Plant A,Writing Utensils,Group 12
2448,Plant A,Writing Utensils,Group 12
2451,Plant A,Writing Utensils,Group 12
2454,Plant A,Writing Utensils,Group 12
2457,Plant A,Writing Utensils,Group 12
2459,Plant A,Writing Utensils,Group 12
2462,Plant A,Writing Utensils,Group 12
2468,Plant A,Writing Utensils,Group 12
2477,Plant A,Writing Utensils,Group 12
2494,Plant A,Writing Utensils,Group 12
2518,Plant A,Writing Utensils,Group 12
2521,Plant A,Writing Utensils,Group 12
2524,Plant A,Writing Utensils,Group 12
2527,Plant A,Writing Utensils,Group 12
2536,Plant A,Writing Utensils,Group 12
2541,Plant A,Writing Utensils,Group 12
2544,Plant A,Writing Utensils,Group 12
2548,Plant A,Writing Utensils,Group 12
2555,Plant A,Writing Utensils,Group 12
2560,Plant A,Writing Utensils,Group 12
2561,Plant A,Writing Utensils,Group 12
2562,Plant A,Writing Utensils,Group 12
2563,Plant A,Writing Utensils,Group 12
2564,Plant A,Writing Utensils,Group 12
2570,Plant A,Writing Utensils,Group 12
2572,Plant A,Writing Utensils,Group 12
2573,Plant A,Writing Utensils,Group 12
2585,Plant A,Writing Utensils,Group 12
2586,Plant A,Writing Utensils,Group 12
2589,Plant A,Writing Utensils,Group 12
2593,Plant A,Writing Utensils,Group 12
2601,Plant A,Writing Utensils,Group 12
2602,Plant A,Writing Utensils,Group 12
2605,Plant A,Writing Utensils,Group 12
2609,Plant A,Writing Utensils,Group 12
2611,Plant A,Writing Utensils,Group 12
2614,Plant A,Writing Utensils,Group 12
2619,Plant A,Writing Utensils,Group 12
2621,Plant A,Writing Utensils,Group 12
2622,Plant A,Writing Utensils,Group 12
2623,Plant A,Writing Utensils,Group 12
2629,Plant A,Writing Utensils,Group 12
2631,Plant A,Writing Utensils,Group 12
2632,Plant A,Writing Utensils,Group 12
2633,Plant A,Writing Utensils,Group 12
2637,Plant A,Writing Utensils,Group 12
2640,Plant A,Writing Utensils,Group 12
2644,Plant A,Writing Utensils,Group 12
2647,Plant A,Writing Utensils,Group 12
2648,Plant A,Writing Utensils,Group 12
2656,Plant A,Writing Utensils,Group 12
2658,Plant A,Writing Utensils,Group 12
2660,Plant A,Writing Utensils,Group 12
2661,Plant A,Writing Utensils,Group 12
2662,Plant A,Writing Utensils,Group 12
2664,Plant A,Writing Utensils,Group 12
2675,Plant A,Writing Utensils,Group 12
2682,Plant A,Writing Utensils,Group 12
2683,Plant A,Writing Utensils,Group 12
2705,Plant A,Writing Utensils,Group 12
2708,Plant A,Writing Utensils,Group 12
2713,Plant A,Writing Utensils,Group 12
2715,Plant A,Writing Utensils,Group 12
2716,Plant A,Writing Utensils,Group 12
2717,Plant A,Writing Utensils,Group 12
2722,Plant A,Writing Utensils,Group 12
2724,Plant A,Writing Utensils,Group 12
2732,Plant A,Writing Utensils,Group 12
2746,Plant A,Writing Utensils,Group 12
2748,Plant A,Writing Utensils,Group 12
2751,Plant A,Writing Utensils,Group 12
2759,Plant A,Writing Utensils,Group 12
2761,Plant A,Writing Utensils,Group 12
2765,Plant A,Writing Utensils,Group 12
2766,Plant A,Writing Utensils,Group 12
2771,Plant A,Writing Utensils,Group 12
2774,Plant A,Writing Utensils,Group 12
2776,Plant A,Writing Utensils,Group 12
2778,Plant A,Writing Utensils,Group 12
2786,Plant A,Writing Utensils,Group 12
2788,Plant A,Writing Utensils,Group 12
2789,Plant A,Writing Utensils,Group 12
2796,Plant A,Writing Utensils,Group 12
2798,Plant A,Writing Utensils,Group 12
2800,Plant A,Writing Utensils,Group 12
2809,Plant A,Writing Utensils,Group 12
2812,Plant A,Writing Utensils,Group 12
2814,Plant A,Writing Utensils,Group 12
2819,Plant A,Writing Utensils,Group 12
2820,Plant A,Writing Utensils,Group 12
2826,Plant A,Writing Utensils,Group 13
2839,Plant A,Writing Utensils,Group 13
2844,Plant A,Writing Utensils,Group 13
2848,Plant A,Writing Utensils,Group 13
2874,Plant A,Writing Utensils,Group 13
2880,Plant A,Writing Utensils,Group 13
2881,Plant A,Writing Utensils,Group 13
2882,Plant A,Writing Utensils,Group 13
2885,Plant A,Writing Utensils,Group 13
2886,Plant A,Writing Utensils,Group 13
2887,Plant A,Writing Utensils,Group 13
2888,Plant A,Writing Utensils,Group 13
2890,Plant A,Writing Utensils,Group 13
2891,Plant A,Writing Utensils,Group 13
2893,Plant A,Writing Utensils,Group 13
2896,Plant A,Writing Utensils,Group 13
2900,Plant A,Writing Utensils,Group 13
2901,Plant A,Writing Utensils,Group 13
2902,Plant A,Writing Utensils,Group 13
2909,Plant A,Writing Utensils,Group 13
2912,Plant A,Writing Utensils,Group 13
2915,Plant A,Writing Utensils,Group 13
2920,Plant A,Writing Utensils,Group 13
2921,Plant A,Writing Utensils,Group 13
2926,Plant A,Writing Utensils,Group 13
2930,Plant A,Writing Utensils,Group 13
2931,Plant A,Writing Utensils,Group 13
2932,Plant A,Writing Utensils,Group 13
2934,Plant A,Writing Utensils,Group 13
2954,Plant A,Writing Utensils,Group 13
2956,Plant A,Writing Utensils,Group 13
2960,Plant A,Writing Utensils,Group 13
2970,Plant A,Writing Utensils,Group 13
2971,Plant A,Writing Utensils,Group 13
2978,Plant A,Writing Utensils,Group 13
2979,Plant A,Writing Utensils,Group 13
2983,Plant A,Writing Utensils,Group 13
2985,Plant A,Writing Utensils,Group 13
2987,Plant A,Writing Utensils,Group 13
2993,Plant A,Writing Utensils,Group 13
2998,Plant A,Writing Utensils,Group 13
3006,Plant A,Writing Utensils,Group 13
3018,Plant A,Writing Utensils,Group 13
3021,Plant A,Writing Utensils,Group 13
3042,Plant A,Writing Utensils,Group 13
3043,Plant A,Writing Utensils,Group 13
3045,Plant A,Writing Utensils,Group 13
3046,Plant A,Writing Utensils,Group 13
3064,Plant A,Writing Utensils,Group 13
3068,Plant A,Writing Utensils,Group 13
3072,Plant A,Writing Utensils,Group 13
3074,Plant A,Writing Utensils,Group 13
3075,Plant A,Writing Utensils,Group 13
3077,Plant A,Writing Utensils,Group 13
3080,Plant A,Writing Utensils,Group 13
3084,Plant A,Writing Utensils,Group 13
3088,Plant A,Writing Utensils,Group 13
3090,Plant A,Writing Utensils,Group 13
3093,Plant A,Writing Utensils,Group 13
3095,Plant A,Writing Utensils,Group 13
3097,Plant A,Writing Utensils,Group 13
3100,Plant A,Writing Utensils,Group 13
3103,Plant A,Writing Utensils,Group 13
3105,Plant A,Writing Utensils,Group 13
3106,Plant A,Writing Utensils,Group 13
3115,Plant A,Writing Utensils,Group 13
3123,Plant A,Writing Utensils,Group 13
3127,Plant A,Writing Utensils,Group 13
3129,Plant A,Writing Utensils,Group 13
3132,Plant A,Writing Utensils,Group 13
3133,Plant A,Writing Utensils,Group 13
3142,Plant A,Writing Utensils,Group 13
3144,Plant A,Writing Utensils,Group 13
3151,Plant A,Writing Utensils,Group 13
3167,Plant A,Writing Utensils,Group 13
3173,Plant A,Writing Utensils,Group 13
3176,Plant A,Writing Utensils,Group 13
3184,Plant A,Writing Utensils,Group 13
3208,Plant A,Writing Utensils,Group 13
3209,Plant A,Writing Utensils,Group 13
3211,Plant A,Writing Utensils,Group 13
3212,Plant A,Writing Utensils,Group 13
3214,Plant A,Writing Utensils,Group 13
3225,Plant A,Writing Utensils,Group 13
3238,Plant A,Writing Utensils,Group 13
3239,Plant A,Writing Utensils,Group 13
3240,Plant A,Writing Utensils,Group 13
3253,Plant A,Writing Utensils,Group 13
3260,Plant A,Writing Utensils,Group 13
3262,Plant A,Writing Utensils,Group 13
3265,Plant A,Writing Utensils,Group 13
3273,Plant A,Writing Utensils,Group 13
3286,Plant A,Writing Utensils,Group 13
3290,Plant A,Writing Utensils,Group 13
3295,Plant A,Writing Utensils,Group 13
3301,Plant A,Writing Utensils,Group 13
3302,Plant A,Writing Utensils,Group 13
3308,Plant A,Writing Utensils,Group 13
3338,Plant A,Writing Utensils,Group 13
3344,Plant A,Writing Utensils,Group 13
3370,Plant A,Writing Utensils,Group 13
3371,Plant A,Writing Utensils,Group 13
3378,Plant A,Writing Utensils,Group 13
3390,Plant A,Writing Utensils,Group 13
3394,Plant A,Writing Utensils,Group 13
3395,Plant A,Writing Utensils,Group 13
3418,Plant A,Writing Utensils,Group 13
3436,Plant A,Writing Utensils,Group 13
3449,Plant A,Writing Utensils,Group 13
3455,Plant A,Writing Utensils,Group 13
3457,Plant A,Writing Utensils,Group 13
3459,Plant A,Writing Utensils,Group 13
3463,Plant A,Writing Utensils,Group 13
3464,Plant A,Writing Utensils,Group 13
3466,Plant A,Writing Utensils,Group 13
3469,Plant A,Writing Utensils,Group 13
3471,Plant A,Writing Utensils,Group 13
3474,Plant A,Writing Utensils,Group 13
3477,Plant A,Writing Utensils,Group 13
3480,Plant A,Writing Utensils,Group 13
3481,Plant A,Writing Utensils,Group 13
3484,Plant A,Writing Utensils,Group 13
3485,Plant A,Writing Utensils,Group 13
3488,Plant A,Writing Utensils,Group 13
3490,Plant A,Writing Utensils,Group 13
3496,Plant A,Writing Utensils,Group 13
3497,Plant A,Writing Utensils,Group 13
3504,Plant A,Writing Utensils,Group 13
3506,Plant A,Writing Utensils,Group 13
3529,Plant A,Writing Utensils,Group 13
3530,Plant A,Writing Utensils,Group 13
3537,Plant A,Writing Utensils,Group 13
3539,Plant A,Writing Utensils,Group 13
3540,Plant A,Writing Utensils,Group 13
3545,Plant A,Writing Utensils,Group 13
3548,Plant A,Writing Utensils,Group 13
3556,Plant A,Writing Utensils,Group 13
3574,Plant A,Writing Utensils,Group 13
3580,Plant A,Writing Utensils,Group 13
3590,Plant A,Writing Utensils,Group 13
3591,Plant A,Writing Utensils,Group 13
3600,Plant A,Writing Utensils,Group 13
3606,Plant A,Writing Utensils,Group 13
3607,Plant A,Writing Utensils,Group 13
3611,Plant A,Writing Utensils,Group 13
3616,Plant A,Writing Utensils,Group 13
3619,Plant A,Writing Utensils,Group 13
3626,Plant A,Writing Utensils,Group 13
3631,Plant A,Writing Utensils,Group 13
3634,Plant A,Writing Utensils,Group 13
3652,Plant A,Writing Utensils,Group 13
3653,Plant A,Writing Utensils,Group 13
3654,Plant A,Writing Utensils,Group 13
3655,Plant A,Writing Utensils,Group 13
3656,Plant A,Writing Utensils,Group 13
3657,Plant A,Writing Utensils,Group 13
3658,Plant A,Writing Utensils,Group 13
3660,Plant A,Writing Utensils,Group 13
3662,Plant A,Writing Utensils,Group 13
3663,Plant A,Writing Utensils,Group 13
3670,Plant A,Writing Utensils,Group 13
3671,Plant A,Writing Utensils,Group 13
3674,Plant A,Writing Utensils,Group 13
3676,Plant A,Writing Utensils,Group 13
3677,Plant A,Writing Utensils,Group 13
3684,Plant A,Writing Utensils,Group 13
3688,Plant A,Writing Utensils,Group 13
3689,Plant A,Writing Utensils,Group 13
3690,Plant A,Writing Utensils,Group 13
3691,Plant A,Writing Utensils,Group 13
3695,Plant A,Writing Utensils,Group 13
3698,Plant A,Writing Utensils,Group 13
3704,Plant A,Writing Utensils,Group 13
3707,Plant A,Writing Utensils,Group 13
3721,Plant A,Writing Utensils,Group 13
3728,Plant A,Writing Utensils,Group 13
3729,Plant A,Writing Utensils,Group 13
3733,Plant A,Writing Utensils,Group 13
3737,Plant A,Writing Utensils,Group 13
3740,Plant A,Writing Utensils,Group 13
3753,Plant A,Writing Utensils,Group 13
3757,Plant A,Writing Utensils,Group 13
3758,Plant A,Writing Utensils,Group 13
3759,Plant A,Writing Utensils,Group 13
3760,Plant A,Writing Utensils,Group 13
3761,Plant A,Writing Utensils,Group 13
3764,Plant A,Writing Utensils,Group 13
3767,Plant A,Writing Utensils,Group 13
3770,Plant A,Writing Utensils,Group 13
3775,Plant A,Writing Utensils,Group 13
3799,Plant A,Writing Utensils,Group 13
3807,Plant A,Writing Utensils,Group 13
3814,Plant A,Writing Utensils,Group 13
3822,Plant A,Writing Utensils,Group 13
3823,Plant A,Writing Utensils,Group 13
3825,Plant A,Writing Utensils,Group 13
3841,Plant A,Writing Utensils,Group 13
3852,Plant A,Writing Utensils,Group 13
3856,Plant A,Writing Utensils,Group 13
3860,Plant A,Writing Utensils,Group 13
3864,Plant A,Writing Utensils,Group 13
3865,Plant A,Writing Utensils,Group 13
3873,Plant A,Writing Utensils,Group 13
3874,Plant A,Writing Utensils,Group 13
3875,Plant A,Writing Utensils,Group 13
3879,Plant A,Writing Utensils,Group 13
3885,Plant A,Writing Utensils,Group 13
3886,Plant A,Writing Utensils,Group 13
3891,Plant A,Writing Utensils,Group 13
3898,Plant A,Writing Utensils,Group 13
3902,Plant A,Writing Utensils,Group 13
3905,Plant A,Writing Utensils,Group 13
3906,Plant A,Writing Utensils,Group 13
3908,Plant A,Writing Utensils,Group 13
3910,Plant A,Writing Utensils,Group 13
3917,Plant A,Writing Utensils,Group 13
3919,Plant A,Writing Utensils,Group 13
3933,Plant A,Writing Utensils,Group 13
3934,Plant A,Writing Utensils,Group 13
3936,Plant A,Writing Utensils,Group 13
3937,Plant A,Writing Utensils,Group 13
3939,Plant A,Writing Utensils,Group 13
3942,Plant A,Writing Utensils,Group 13
3946,Plant A,Writing Utensils,Group 13
3947,Plant A,Writing Utensils,Group 13
3950,Plant A,Writing Utensils,Group 13
3953,Plant A,Writing Utensils,Group 13
3957,Plant A,Writing Utensils,Group 13
3961,Plant A,Writing Utensils,Group 13
3962,Plant A,Writing Utensils,Group 13
3963,Plant A,Writing Utensils,Group 13
3968,Plant A,Writing Utensils,Group 13
3971,Plant A,Writing Utensils,Group 13
3976,Plant A,Writing Utensils,Group 13
3977,Plant A,Writing Utensils,Group 13
3979,Plant A,Writing Utensils,Group 13
3980,Plant A,Writing Utensils,Group 13
3985,Plant A,Writing Utensils,Group 13
3987,Plant A,Writing Utensils,Group 13
3989,Plant A,Writing Utensils,Group 13
3993,Plant A,Writing Utensils,Group 13
3996,Plant A,Writing Utensils,Group 13
4009,Plant A,Writing Utensils,Group 13
4024,Plant A,Writing Utensils,Group 13
4028,Plant A,Writing Utensils,Group 13
4029,Plant A,Writing Utensils,Group 13
4030,Plant A,Writing Utensils,Group 13
4032,Plant A,Writing Utensils,Group 13
4036,Plant A,Writing Utensils,Group 13
4040,Plant A,Writing Utensils,Group 13
4042,Plant A,Writing Utensils,Group 13
4047,Plant A,Writing Utensils,Group 13
4048,Plant A,Writing Utensils,Group 13
4057,Plant A,Writing Utensils,Group 13
4061,Plant A,Writing Utensils,Group 13
4064,Plant A,Writing Utensils,Group 13
4070,Plant A,Writing Utensils,Group 13
4084,Plant A,Writing Utensils,Group 13
4086,Plant A,Writing Utensils,Group 13
4089,Plant A,Writing Utensils,Group 13
4090,Plant A,Writing Utensils,Group 13
4093,Plant A,Writing Utensils,Group 13
4098,Plant A,Writing Utensils,Group 13
4102,Plant A,Writing Utensils,Group 13
4104,Plant A,Writing Utensils,Group 13
4109,Plant A,Writing Utensils,Group 13
4111,Plant A,Writing Utensils,Group 13
4114,Plant A,Writing Utensils,Group 13
4118,Plant A,Writing Utensils,Group 13
4119,Plant A,Writing Utensils,Group 13
4121,Plant A,Writing Utensils,Group 13
4124,Plant A,Writing Utensils,Group 13
4127,Plant A,Writing Utensils,Group 13
4129,Plant A,Writing Utensils,Group 13
4130,Plant A,Writing Utensils,Group 13
4131,Plant A,Writing Utensils,Group 13
4133,Plant A,Writing Utensils,Group 13
4143,Plant A,Writing Utensils,Group 13
4144,Plant A,Writing Utensils,Group 13
4151,Plant A,Writing Utensils,Group 13
4159,Plant A,Writing Utensils,Group 13
4160,Plant A,Writing Utensils,Group 13
4166,Plant A,Writing Utensils,Group 13
4180,Plant A,Writing Utensils,Group 13
4186,Plant A,Writing Utensils,Group 13
4196,Plant A,Writing Utensils,Group 13
4198,Plant A,Writing Utensils,Group 13
4210,Plant A,Writing Utensils,Group 13
4211,Plant A,Writing Utensils,Group 13
4213,Plant A,Writing Utensils,Group 13
4221,Plant A,Writing Utensils,Group 13
4229,Plant A,Writing Utensils,Group 13
4231,Plant A,Writing Utensils,Group 13
4232,Plant A,Writing Utensils,Group 13
4233,Plant A,Writing Utensils,Group 13
4234,Plant A,Writing Utensils,Group 13
4235,Plant A,Writing Utensils,Group 13
4241,Plant A,Writing Utensils,Group 13
4244,Plant A,Writing Utensils,Group 13
4245,Plant A,Writing Utensils,Group 13
4253,Plant A,Writing Utensils,Group 13
4257,Plant A,Writing Utensils,Group 13
4269,Plant A,Writing Utensils,Group 13
4271,Plant A,Writing Utensils,Group 13
4276,Plant A,Writing Utensils,Group 13
4278,Plant A,Writing Utensils,Group 13
4280,Plant A,Writing Utensils,Group 13
4285,Plant A,Writing Utensils,Group 13
4297,Plant A,Writing Utensils,Group 13
4298,Plant A,Writing Utensils,Group 13
4306,Plant A,Writing Utensils,Group 13
4309,Plant A,Writing Utensils,Group 13
4318,Plant A,Writing Utensils,Group 13
4319,Plant A,Writing Utensils,Group 13
4320,Plant A,Writing Utensils,Group 13
4329,Plant A,Writing Utensils,Group 13
4332,Plant A,Writing Utensils,Group 13
4336,Plant A,Writing Utensils,Group 13
4338,Plant A,Writing Utensils,Group 13
4339,Plant A,Writing Utensils,Group 13
4340,Plant A,Writing Utensils,Group 13
4342,Plant A,Writing Utensils,Group 13
4345,Plant A,Writing Utensils,Group 13
4346,Plant A,Writing Utensils,Group 13
4349,Plant A,Writing Utensils,Group 13
4356,Plant A,Writing Utensils,Group 13
4358,Plant A,Writing Utensils,Group 13
4361,Plant A,Writing Utensils,Group 13
4374,Plant A,Writing Utensils,Group 13
4379,Plant A,Writing Utensils,Group 13
4380,Plant A,Writing Utensils,Group 13
4388,Plant A,Writing Utensils,Group 13
4395,Plant A,Writing Utensils,Group 13
4398,Plant A,Writing Utensils,Group 13
4400,Plant A,Writing Utensils,Group 13
4401,Plant A,Writing Utensils,Group 13
4408,Plant A,Writing Utensils,Group 13
4410,Plant A,Writing Utensils,Group 13
4416,Plant A,Writing Utensils,Group 13
4417,Plant A,Writing Utensils,Group 13
4420,Plant A,Writing Utensils,Group 13
4424,Plant A,Writing Utensils,Group 13
4426,Plant A,Writing Utensils,Group 13
4427,Plant A,Writing Utensils,Group 13
4430,Plant A,Writing Utensils,Group 13
4432,Plant A,Writing Utensils,Group 13
4435,Plant A,Writing Utensils,Group 13
4438,Plant A,Writing Utensils,Group 13
4442,Plant A,Writing Utensils,Group 13
4443,Plant A,Writing Utensils,Group 13
4447,Plant A,Writing Utensils,Group 7
4448,Plant A,Writing Utensils,Group 7
4465,Plant A,Writing Utensils,Group 7
4471,Plant A,Writing Utensils,Group 7
4474,Plant A,Writing Utensils,Group 7
4477,Plant A,Writing Utensils,Group 7
4481,Plant A,Writing Utensils,Group 7
4488,Plant A,Writing Utensils,Group 7
4495,Plant A,Writing Utensils,Group 7
4496,Plant A,Writing Utensils,Group 7
4497,Plant A,Writing Utensils,Group 7
4501,Plant A,Writing Utensils,Group 7
4504,Plant A,Writing Utensils,Group 7
4509,Plant A,Writing Utensils,Group 7
4515,Plant A,Writing Utensils,Group 7
4524,Plant A,Writing Utensils,Group 7
4527,Plant A,Writing Utensils,Group 7
4532,Plant A,Writing Utensils,Group 7
4534,Plant A,Writing Utensils,Group 7
4539,Plant A,Writing Utensils,Group 7
4544,Plant A,Writing Utensils,Group 7
4545,Plant A,Writing Utensils,Group 7
4548,Plant A,Writing Utensils,Group 7
4578,Plant A,Writing Utensils,Group 7
4581,Plant A,Writing Utensils,Group 7
4584,Plant A,Writing Utensils,Group 7
4600,Plant A,Writing Utensils,Group 7
4603,Plant A,Writing Utensils,Group 7
4607,Plant A,Writing Utensils,Group 7
4608,Plant A,Writing Utensils,Group 7
4622,Plant A,Writing Utensils,Group 7
4623,Plant A,Writing Utensils,Group 7
4634,Plant A,Writing Utensils,Group 7
4636,Plant A,Writing Utensils,Group 7
4644,Plant A,Writing Utensils,Group 7
4646,Plant A,Writing Utensils,Group 7
4647,Plant A,Writing Utensils,Group 3
4660,Plant A,Writing Utensils,Group 3
4662,Plant A,Writing Utensils,Group 3
4666,Plant A,Writing Utensils,Group 3
4668,Plant A,Writing Utensils,Group 3
4673,Plant A,Writing Utensils,Group 3
4692,Plant A,Writing Utensils,Group 3
4696,Plant A,Writing Utensils,Group 3
4697,Plant A,Writing Utensils,Group 3
4698,Plant A,Writing Utensils,Group 3
4700,Plant A,Writing Utensils,Group 3
4705,Plant A,Writing Utensils,Group 3
4707,Plant A,Writing Utensils,Group 3
4711,Plant A,Writing Utensils,Group 3
4717,Plant A,Writing Utensils,Group 3
4719,Plant A,Writing Utensils,Group 3
4720,Plant A,Writing Utensils,Group 3
4722,Plant A,Writing Utensils,Group 3
4723,Plant A,Writing Utensils,Group 3
4724,Plant A,Writing Utensils,Group 3
4728,Plant A,Writing Utensils,Group 3
4730,Plant A,Writing Utensils,Group 3
4731,Plant A,Writing Utensils,Group 3
4737,Plant A,Writing Utensils,Group 3
4741,Plant A,Writing Utensils,Group 3
4742,Plant A,Writing Utensils,Group 3
4744,Plant A,Writing Utensils,Group 3
4745,Plant A,Writing Utensils,Group 3
4755,Plant A,Writing Utensils,Group 3
4760,Plant A,Writing Utensils,Group 3
4765,Plant A,Writing Utensils,Group 3
4769,Plant A,Writing Utensils,Group 3
4770,Plant A,Writing Utensils,Group 3
4771,Plant A,Writing Utensils,Group 3
4783,Plant A,Writing Utensils,Group 3
4786,Plant A,Writing Utensils,Group 3
4793,Plant A,Writing Utensils,Group 3
4795,Plant A,Writing Utensils,Group 3
4797,Plant A,Writing Utensils,Group 3
4799,Plant A,Writing Utensils,Group 3
4804,Plant A,Writing Utensils,Group 3
4806,Plant A,Writing Utensils,Group 3
4809,Plant A,Writing Utensils,Group 3
4811,Plant A,Writing Utensils,Group 3
4817,Plant A,Writing Utensils,Group 3
4824,Plant A,Writing Utensils,Group 3
4825,Plant A,Writing Utensils,Group 3
4829,Plant A,Writing Utensils,Group 3
4831,Plant A,Writing Utensils,Group 3
4832,Plant A,Writing Utensils,Group 3
4843,Plant A,Writing Utensils,Group 3
4847,Plant A,Writing Utensils,Group 3
4857,Plant A,Writing Utensils,Group 3
4859,Plant A,Writing Utensils,Group 3
4872,Plant A,Writing Utensils,Group 3
4873,Plant A,Writing Utensils,Group 3
4887,Plant A,Writing Utensils,Group 3
4888,Plant A,Writing Utensils,Group 3
4892,Plant A,Writing Utensils,Group 3
4895,Plant A,Writing Utensils,Group 3
4897,Plant A,Writing Utensils,Group 3
4900,Plant A,Writing Utensils,Group 3
4903,Plant A,Writing Utensils,Group 3
4909,Plant A,Writing Utensils,Group 3
4911,Plant A,Writing Utensils,Group 3
4914,Plant A,Writing Utensils,Group 3
4918,Plant A,Writing Utensils,Group 3
4921,Plant A,Writing Utensils,Group 3
4924,Plant A,Writing Utensils,Group 3
4927,Plant A,Writing Utensils,Group 3
4930,Plant A,Writing Utensils,Group 3
4932,Plant A,Writing Utensils,Group 3
4936,Plant A,Writing Utensils,Group 3
4940,Plant A,Writing Utensils,Group 3
4941,Plant A,Writing Utensils,Group 3
4949,Plant A,Writing Utensils,Group 3
4951,Plant A,Writing Utensils,Group 3
4958,Plant A,Writing Utensils,Group 3
4960,Plant A,Writing Utensils,Group 3
4961,Plant A,Writing Utensils,Group 3
4962,Plant A,Writing Utensils,Group 3
4968,Plant A,Writing Utensils,Group 3
4970,Plant A,Writing Utensils,Group 3
4971,Plant A,Writing Utensils,Group 3
4976,Plant A,Writing Utensils,Group 3
4978,Plant A,Writing Utensils,Group 3
4980,Plant A,Writing Utensils,Group 3
4989,Plant A,Writing Utensils,Group 3
4993,Plant A,Writing Utensils,Group 3
4998,Plant A,Writing Utensils,Group 3
4999,Plant A,Writing Utensils,Group 3
5002,Plant A,Writing Utensils,Group 3
5003,Plant A,Writing Utensils,Group 3
5004,Plant A,Writing Utensils,Group 3
5005,Plant A,Writing Utensils,Group 3
5009,Plant A,Writing Utensils,Group 3
5014,Plant A,Writing Utensils,Group 3
5015,Plant A,Writing Utensils,Group 3
5018,Plant A,Writing Utensils,Group 3
5027,Plant A,Writing Utensils,Group 3
5031,Plant A,Writing Utensils,Group 3
5032,Plant A,Writing Utensils,Group 3
5033,Plant A,Writing Utensils,Group 3
5035,Plant A,Writing Utensils,Group 3
5044,Plant A,Writing Utensils,Group 3
5046,Plant A,Writing Utensils,Group 3
5060,Plant A,Writing Utensils,Group 3
5061,Plant A,Writing Utensils,Group 3
5062,Plant A,Writing Utensils,Group 3
5066,Plant A,Writing Utensils,Group 3
5068,Plant A,Writing Utensils,Group 3
5070,Plant A,Writing Utensils,Group 3
5072,Plant A,Writing Utensils,Group 3
5073,Plant A,Writing Utensils,Group 3
5075,Plant A,Writing Utensils,Group 3
5076,Plant A,Writing Utensils,Group 3
5078,Plant A,Writing Utensils,Group 3
5080,Plant A,Writing Utensils,Group 3
5085,Plant A,Writing Utensils,Group 3
5090,Plant A,Writing Utensils,Group 3
5097,Plant A,Writing Utensils,Group 3
5104,Plant A,Writing Utensils,Group 3
5113,Plant A,Writing Utensils,Group 3
5114,Plant A,Writing Utensils,Group 3
5117,Plant A,Writing Utensils,Group 3
5121,Plant A,Writing Utensils,Group 3
5125,Plant A,Writing Utensils,Group 3
5126,Plant A,Writing Utensils,Group 3
5133,Plant A,Writing Utensils,Group 3
5136,Plant A,Writing Utensils,Group 3
5145,Plant A,Writing Utensils,Group 3
5154,Plant A,Writing Utensils,Group 3
5156,Plant A,Writing Utensils,Group 3
5162,Plant A,Writing Utensils,Group 3
5169,Plant A,Writing Utensils,Group 3
5171,Plant A,Writing Utensils,Group 3
5176,Plant A,Writing Utensils,Group 3
5177,Plant A,Writing Utensils,Group 3
5178,Plant A,Writing Utensils,Group 3
5186,Plant A,Writing Utensils,Group 3
5192,Plant A,Writing Utensils,Group 3
5197,Plant A,Writing Utensils,Group 3
5199,Plant A,Writing Utensils,Group 3
5205,Plant A,Writing Utensils,Group 3
5207,Plant A,Writing Utensils,Group 3
5209,Plant A,Writing Utensils,Group 3
5212,Plant A,Writing Utensils,Group 3
5214,Plant A,Writing Utensils,Group 3
5219,Plant A,Writing Utensils,Group 3
5220,Plant A,Writing Utensils,Group 3
5223,Plant A,Writing Utensils,Group 3
5224,Plant A,Writing Utensils,Group 3
5227,Plant A,Writing Utensils,Group 3
5228,Plant A,Writing Utensils,Group 3
5230,Plant A,Writing Utensils,Group 3
5231,Plant A,Writing Utensils,Group 3
5232,Plant A,Writing Utensils,Group 3
5234,Plant A,Writing Utensils,Group 3
5235,Plant A,Writing Utensils,Group 3
5238,Plant A,Writing Utensils,Group 3
5241,Plant A,Writing Utensils,Group 3
5242,Plant A,Writing Utensils,Group 3
5249,Plant A,Writing Utensils,Group 3
5252,Plant A,Writing Utensils,Group 3
5253,Plant A,Writing Utensils,Group 3
5254,Plant A,Writing Utensils,Group 3
5256,Plant A,Writing Utensils,Group 3
5257,Plant A,Writing Utensils,Group 3
5258,Plant A,Writing Utensils,Group 3
5260,Plant A,Writing Utensils,Group 3
5267,Plant A,Writing Utensils,Group 6
5269,Plant A,Writing Utensils,Group 6
5270,Plant A,Writing Utensils,Group 6
5273,Plant A,Writing Utensils,Group 6
5276,Plant A,Writing Utensils,Group 6
5277,Plant A,Writing Utensils,Group 6
5283,Plant A,Writing Utensils,Group 6
5285,Plant A,Writing Utensils,Group 6
5289,Plant A,Writing Utensils,Group 6
5291,Plant A,Writing Utensils,Group 6
5293,Plant A,Writing Utensils,Group 6
5294,Plant A,Writing Utensils,Group 6
5295,Plant A,Writing Utensils,Group 6
5298,Plant A,Writing Utensils,Group 6
5302,Plant A,Writing Utensils,Group 6
5303,Plant A,Writing Utensils,Group 6
5306,Plant A,Writing Utensils,Group 6
5316,Plant A,Writing Utensils,Group 6
5323,Plant A,Writing Utensils,Group 6
5324,Plant A,Writing Utensils,Group 6
5325,Plant A,Writing Utensils,Group 6
5330,Plant A,Writing Utensils,Group 6
5332,Plant A,Writing Utensils,Group 6
5335,Plant A,Writing Utensils,Group 6
5336,Plant A,Writing Utensils,Group 6
5339,Plant A,Writing Utensils,Group 6
5342,Plant A,Writing Utensils,Group 6
5343,Plant A,Writing Utensils,Group 6
5345,Plant A,Writing Utensils,Group 6
5348,Plant A,Writing Utensils,Group 6
5352,Plant A,Writing Utensils,Group 6
5354,Plant A,Writing Utensils,Group 6
5366,Plant A,Writing Utensils,Group 6
5369,Plant A,Writing Utensils,Group 6
5371,Plant A,Writing Utensils,Group 6
5372,Plant A,Writing Utensils,Group 6
5373,Plant A,Writing Utensils,Group 6
5376,Plant A,Writing Utensils,Group 6
5383,Plant A,Writing Utensils,Group 6
5385,Plant A,Writing Utensils,Group 6
5387,Plant A,Writing Utensils,Group 6
5388,Plant A,Writing Utensils,Group 6
5390,Plant A,Writing Utensils,Group 6
5391,Plant A,Writing Utensils,Group 6
5395,Plant A,Writing Utensils,Group 6
5396,Plant A,Writing Utensils,Group 6
5398,Plant A,Writing Utensils,Group 6
5408,Plant A,Writing Utensils,Group 6
5410,Plant A,Writing Utensils,Group 6
5415,Plant A,Writing Utensils,Group 6
5428,Plant A,Writing Utensils,Group 6
5454,Plant A,Writing Utensils,Group 6
5462,Plant A,Writing Utensils,Group 6
5469,Plant A,Writing Utensils,Group 6
5470,Plant A,Writing Utensils,Group 6
5471,Plant A,Writing Utensils,Group 6
5475,Plant A,Writing Utensils,Group 6
5477,Plant A,Writing Utensils,Group 6
5478,Plant A,Writing Utensils,Group 6
5479,Plant A,Writing Utensils,Group 6
5480,Plant A,Writing Utensils,Group 6
5481,Plant A,Writing Utensils,Group 6
5482,Plant A,Writing Utensils,Group 6
5486,Plant A,Writing Utensils,Group 6
5497,Plant A,Writing Utensils,Group 6
5499,Plant A,Writing Utensils,Group 6
5500,Plant A,Writing Utensils,Group 6
5505,Plant A,Writing Utensils,Group 6
5507,Plant A,Writing Utensils,Group 6
5510,Plant A,Writing Utensils,Group 6
5511,Plant A,Writing Utensils,Group 6
5513,Plant A,Writing Utensils,Group 6
5515,Plant A,Writing Utensils,Group 6
5520,Plant A,Writing Utensils,Group 6
5523,Plant A,Writing Utensils,Group 6
5524,Plant A,Writing Utensils,Group 6
5527,Plant A,Writing Utensils,Group 6
5530,Plant A,Writing Utensils,Group 6
5537,Plant A,Writing Utensils,Group 6
5538,Plant A,Writing Utensils,Group 6
5542,Plant A,Writing Utensils,Group 6
5548,Plant A,Writing Utensils,Group 6
5549,Plant A,Writing Utensils,Group 6
5558,Plant A,Writing Utensils,Group 6
5559,Plant A,Writing Utensils,Group 6
5563,Plant A,Writing Utensils,Group 6
5568,Plant A,Writing Utensils,Group 6
5581,Plant A,Writing Utensils,Group 6
5584,Plant A,Writing Utensils,Group 6
5589,Plant A,Writing Utensils,Group 6
5600,Plant A,Writing Utensils,Group 6
5602,Plant A,Writing Utensils,Group 6
5608,Plant A,Writing Utensils,Group 6
5612,Plant A,Writing Utensils,Group 6
5616,Plant A,Writing Utensils,Group 6
5618,Plant A,Writing Utensils,Group 6
5621,Plant A,Writing Utensils,Group 6
5623,Plant A,Writing Utensils,Group 6
5631,Plant A,Writing Utensils,Group 6
5632,Plant A,Writing Utensils,Group 6
5636,Plant A,Writing Utensils,Group 6
5637,Plant A,Writing Utensils,Group 6
5638,Plant A,Writing Utensils,Group 6
5642,Plant A,Writing Utensils,Group 6
5643,Plant A,Writing Utensils,Group 6
5649,Plant A,Writing Utensils,Group 6
5651,Plant A,Writing Utensils,Group 6
5652,Plant A,Writing Utensils,Group 6
5664,Plant A,Writing Utensils,Group 6
5671,Plant A,Writing Utensils,Group 6
5675,Plant A,Writing Utensils,Group 6
5679,Plant A,Writing Utensils,Group 6
5693,Plant A,Writing Utensils,Group 6
5700,Plant A,Writing Utensils,Group 6
5704,Plant A,Writing Utensils,Group 6
5705,Plant A,Writing Utensils,Group 6
5706,Plant A,Writing Utensils,Group 6
5708,Plant A,Writing Utensils,Group 6
5710,Plant A,Writing Utensils,Group 6
5721,Plant A,Writing Utensils,Group 6
5732,Plant A,Writing Utensils,Group 6
5746,Plant A,Writing Utensils,Group 6
5747,Plant A,Writing Utensils,Group 6
5754,Plant A,Writing Utensils,Group 6
5763,Plant A,Writing Utensils,Group 6
5766,Plant A,Writing Utensils,Group 6
5769,Plant A,Writing Utensils,Group 6
5782,Plant A,Writing Utensils,Group 6
5796,Plant A,Writing Utensils,Group 6
5797,Plant A,Writing Utensils,Group 6
5799,Plant A,Writing Utensils,Group 6
5800,Plant A,Writing Utensils,Group 6
5806,Plant A,Writing Utensils,Group 6
5814,Plant A,Writing Utensils,Group 6
5818,Plant A,Writing Utensils,Group 6
5824,Plant A,Writing Utensils,Group 6
5825,Plant A,Writing Utensils,Group 6
5834,Plant A,Writing Utensils,Group 6
5847,Plant A,Writing Utensils,Group 6
5852,Plant A,Writing Utensils,Group 6
5866,Plant A,Writing Utensils,Group 6
5869,Plant A,Writing Utensils,Group 6
5872,Plant A,Writing Utensils,Group 6
5874,Plant A,Writing Utensils,Group 6
5885,Plant A,Writing Utensils,Group 6
5896,Plant A,Writing Utensils,Group 6
5897,Plant A,Writing Utensils,Group 6
5901,Plant A,Writing Utensils,Group 6
5902,Plant A,Writing Utensils,Group 6
5904,Plant A,Writing Utensils,Group 6
5907,Plant A,Writing Utensils,Group 6
5914,Plant A,Writing Utensils,Group 6
5915,Plant A,Writing Utensils,Group 6
5919,Plant A,Writing Utensils,Group 6
5922,Plant A,Writing Utensils,Group 6
5923,Plant A,Writing Utensils,Group 6
5925,Plant A,Writing Utensils,Group 6
5928,Plant A,Writing Utensils,Group 6
5931,Plant A,Writing Utensils,Group 6
5932,Plant A,Writing Utensils,Group 6
5938,Plant A,Writing Utensils,Group 6
5948,Plant A,Writing Utensils,Group 6
5950,Plant A,Writing Utensils,Group 6
5954,Plant A,Writing Utensils,Group 6
5958,Plant A,Writing Utensils,Group 6
5975,Plant A,Writing Utensils,Group 6
5978,Plant A,Writing Utensils,Group 6
5982,Plant A,Writing Utensils,Group 6
5985,Plant A,Writing Utensils,Group 6
5989,Plant A,Writing Utensils,Group 6
5990,Plant A,Writing Utensils,Group 6
5992,Plant A,Writing Utensils,Group 6
5993,Plant A,Writing Utensils,Group 6
5996,Plant A,Writing Utensils,Group 6
5998,Plant A,Writing Utensils,Group 6
6002,Plant A,Writing Utensils,Group 6
6005,Plant A,Writing Utensils,Group 6
6008,Plant A,Writing Utensils,Group 6
6010,Plant A,Writing Utensils,Group 6
6011,Plant A,Writing Utensils,Group 6
6020,Plant A,Writing Utensils,Group 6
6023,Plant A,Writing Utensils,Group 6
6024,Plant A,Writing Utensils,Group 6
6025,Plant A,Writing Utensils,Group 6
6026,Plant A,Writing Utensils,Group 6
6033,Plant A,Writing Utensils,Group 6
6035,Plant A,Writing Utensils,Group 6
6042,Plant A,Writing Utensils,Group 6
6043,Plant A,Writing Utensils,Group 6
6046,Plant A,Writing Utensils,Group 6
6047,Plant A,Writing Utensils,Group 6
6070,Plant A,Writing Utensils,Group 6
6080,Plant A,Writing Utensils,Group 6
6083,Plant A,Writing Utensils,Group 6
6084,Plant A,Writing Utensils,Group 6
6090,Plant A,Writing Utensils,Group 6
6091,Plant A,Writing Utensils,Group 6
6093,Plant A,Writing Utensils,Group 6
6104,Plant A,Writing Utensils,Group 6
6109,Plant A,Writing Utensils,Group 6
6116,Plant A,Writing Utensils,Group 6
6119,Plant A,Writing Utensils,Group 6
6134,Plant A,Writing Utensils,Group 6
6136,Plant A,Writing Utensils,Group 6
6141,Plant A,Writing Utensils,Group 6
6142,Plant A,Writing Utensils,Group 6
6146,Plant A,Writing Utensils,Group 6
6147,Plant A,Writing Utensils,Group 6
6149,Plant A,Writing Utensils,Group 6
6151,Plant A,Writing Utensils,Group 6
6152,Plant A,Writing Utensils,Group 6
6157,Plant A,Writing Utensils,Group 6
6159,Plant A,Writing Utensils,Group 6
6164,Plant A,Writing Utensils,Group 6
6166,Plant A,Writing Utensils,Group 6
6169,Plant A,Writing Utensils,Group 6
6170,Plant A,Writing Utensils,Group 6
6173,Plant A,Writing Utensils,Group 6
6177,Plant A,Writing Utensils,Group 6
6181,Plant A,Writing Utensils,Group 6
6183,Plant A,Writing Utensils,Group 6
6184,Plant A,Writing Utensils,Group 6
6186,Plant A,Writing Utensils,Group 6
6187,Plant A,Writing Utensils,Group 6
6191,Plant A,Writing Utensils,Group 6
6192,Plant A,Writing Utensils,Group 6
6194,Plant A,Writing Utensils,Group 6
6196,Plant A,Writing Utensils,Group 6
6201,Plant A,Writing Utensils,Group 6
6202,Plant A,Writing Utensils,Group 6
6203,Plant A,Writing Utensils,Group 6
6209,Plant A,Writing Utensils,Group 6
6213,Plant A,Writing Utensils,Group 6
6214,Plant A,Writing Utensils,Group 6
6216,Plant A,Writing Utensils,Group 6
6217,Plant A,Writing Utensils,Group 6
6222,Plant A,Writing Utensils,Group 6
6226,Plant A,Writing Utensils,Group 6
6239,Plant A,Writing Utensils,Group 6
6248,Plant A,Writing Utensils,Group 6
6250,Plant A,Writing Utensils,Group 6
6255,Plant A,Writing Utensils,Group 6
6258,Plant A,Writing Utensils,Group 6
6260,Plant A,Writing Utensils,Group 6
6261,Plant A,Writing Utensils,Group 6
6262,Plant A,Writing Utensils,Group 6
6263,Plant A,Writing Utensils,Group 6
6266,Plant A,Writing Utensils,Group 6
6267,Plant A,Writing Utensils,Group 6
6276,Plant A,Writing Utensils,Group 6
6278,Plant A,Writing Utensils,Group 6
6279,Plant A,Writing Utensils,Group 6
6294,Plant A,Writing Utensils,Group 6
6295,Plant A,Writing Utensils,Group 6
6301,Plant A,Writing Utensils,Group 6
6304,Plant A,Writing Utensils,Group 6
6306,Plant A,Writing Utensils,Group 6
6307,Plant A,Writing Utensils,Group 6
6308,Plant A,Writing Utensils,Group 6
6310,Plant A,Writing Utensils,Group 6
6311,Plant A,Writing Utensils,Group 6
6317,Plant A,Writing Utensils,Group 6
6318,Plant A,Writing Utensils,Group 6
6320,Plant A,Writing Utensils,Group 6
6321,Plant A,Writing Utensils,Group 6
6322,Plant A,Writing Utensils,Group 6
6323,Plant A,Writing Utensils,Group 6
6325,Plant A,Writing Utensils,Group 6
6326,Plant A,Writing Utensils,Group 6
6330,Plant A,Writing Utensils,Group 6
6335,Plant A,Writing Utensils,Group 6
6336,Plant A,Writing Utensils,Group 6
6342,Plant A,Writing Utensils,Group 6
6344,Plant A,Writing Utensils,Group 6
6345,Plant A,Writing Utensils,Group 6
6350,Plant A,Writing Utensils,Group 6
6351,Plant A,Writing Utensils,Group 6
6352,Plant A,Writing Utensils,Group 6
6368,Plant A,Writing Utensils,Group 6
6370,Plant A,Writing Utensils,Group 6
6372,Plant A,Writing Utensils,Group 6
6374,Plant A,Writing Utensils,Group 6
6377,Plant A,Writing Utensils,Group 6
6379,Plant A,Writing Utensils,Group 6
6382,Plant A,Writing Utensils,Group 6
6383,Plant A,Writing Utensils,Group 6
6384,Plant A,Writing Utensils,Group 6
6386,Plant A,Writing Utensils,Group 6
6387,Plant A,Writing Utensils,Group 6
6388,Plant A,Writing Utensils,Group 6
6405,Plant A,Writing Utensils,Group 6
6406,Plant A,Writing Utensils,Group 6
6411,Plant A,Writing Utensils,Group 6
6415,Plant A,Writing Utensils,Group 6
6416,Plant A,Writing Utensils,Group 6
6419,Plant A,Writing Utensils,Group 6
6425,Plant A,Writing Utensils,Group 6
6427,Plant A,Writing Utensils,Group 6
6428,Plant A,Writing Utensils,Group 6
6439,Plant A,Writing Utensils,Group 6
6445,Plant A,Writing Utensils,Group 6
6450,Plant A,Writing Utensils,Group 6
6455,Plant A,Writing Utensils,Group 6
6458,Plant A,Writing Utensils,Group 6
6460,Plant A,Writing Utensils,Group 6
6466,Plant A,Writing Utensils,Group 6
6468,Plant A,Writing Utensils,Group 6
6470,Plant A,Writing Utensils,Group 6
6476,Plant A,Writing Utensils,Group 6
6478,Plant A,Writing Utensils,Group 6
6480,Plant A,Writing Utensils,Group 6
6489,Plant A,Writing Utensils,Group 6
6491,Plant A,Writing Utensils,Group 6
6499,Plant A,Writing Utensils,Group 6
6501,Plant A,Writing Utensils,Group 6
6502,Plant A,Writing Utensils,Group 6
6503,Plant A,Writing Utensils,Group 6
6506,Plant A,Writing Utensils,Group 6
6508,Plant A,Writing Utensils,Group 6
6512,Plant A,Writing Utensils,Group 6
6513,Plant A,Writing Utensils,Group 6
6516,Plant A,Writing Utensils,Group 6
6520,Plant A,Writing Utensils,Group 6
6525,Plant A,Writing Utensils,Group 6
6526,Plant A,Writing Utensils,Group 6
6527,Plant A,Writing Utensils,Group 6
6531,Plant A,Writing Utensils,Group 6
6532,Plant A,Writing Utensils,Group 6
6533,Plant A,Writing Utensils,Group 6
6534,Plant A,Writing Utensils,Group 6
6536,Plant A,Writing Utensils,Group 6
6542,Plant A,Writing Utensils,Group 6
6549,Plant A,Writing Utensils,Group 6
6551,Plant A,Writing Utensils,Group 6
6556,Plant A,Writing Utensils,Group 6
6558,Plant A,Writing Utensils,Group 6
6562,Plant A,Writing Utensils,Group 6
6567,Plant A,Writing Utensils,Group 6
6570,Plant A,Writing Utensils,Group 6
6573,Plant A,Writing Utensils,Group 6
6574,Plant A,Writing Utensils,Group 6
6577,Plant A,Writing Utensils,Group 6
6578,Plant A,Writing Utensils,Group 6
6579,Plant A,Writing Utensils,Group 6
6580,Plant A,Writing Utensils,Group 6
6582,Plant A,Writing Utensils,Group 6
6586,Plant A,Writing Utensils,Group 6
6591,Plant A,Writing Utensils,Group 6
6592,Plant A,Writing Utensils,Group 6
6599,Plant A,Writing Utensils,Group 6
6600,Plant A,Writing Utensils,Group 6
6603,Plant A,Writing Utensils,Group 14
6605,Plant A,Writing Utensils,Group 14
6607,Plant A,Writing Utensils,Group 14
6610,Plant A,Writing Utensils,Group 14
6611,Plant A,Writing Utensils,Group 14
6612,Plant A,Writing Utensils,Group 14
6618,Plant A,Writing Utensils,Group 14
6623,Plant A,Writing Utensils,Group 14
6624,Plant A,Writing Utensils,Group 14
6626,Plant A,Writing Utensils,Group 14
6627,Plant A,Writing Utensils,Group 14
6630,Plant A,Writing Utensils,Group 14
6636,Plant A,Writing Utensils,Group 14
6637,Plant A,Writing Utensils,Group 14
6638,Plant A,Writing Utensils,Group 14
6640,Plant A,Writing Utensils,Group 14
6646,Plant A,Writing Utensils,Group 14
6661,Plant A,Writing Utensils,Group 14
6663,Plant A,Writing Utensils,Group 14
6668,Plant A,Writing Utensils,Group 14
6680,Plant A,Writing Utensils,Group 14
6681,Plant A,Writing Utensils,Group 14
6687,Plant A,Writing Utensils,Group 14
6695,Plant A,Writing Utensils,Group 14
6700,Plant A,Writing Utensils,Group 14
6704,Plant A,Writing Utensils,Group 14
6709,Plant A,Writing Utensils,Group 14
6712,Plant A,Writing Utensils,Group 14
6715,Plant A,Writing Utensils,Group 14
6717,Plant A,Writing Utensils,Group 14
6722,Plant A,Writing Utensils,Group 14
6731,Plant A,Writing Utensils,Group 14
6749,Plant A,Writing Utensils,Group 14
6752,Plant A,Writing Utensils,Group 14
6755,Plant A,Writing Utensils,Group 14
6778,Plant A,Writing Utensils,Group 14
6781,Plant A,Writing Utensils,Group 14
6783,Plant A,Writing Utensils,Group 14
6787,Plant A,Writing Utensils,Group 14
6789,Plant A,Writing Utensils,Group 14
6794,Plant A,Writing Utensils,Group 14
6795,Plant A,Writing Utensils,Group 14
6796,Plant A,Writing Utensils,Group 14
6798,Plant A,Writing Utensils,Group 14
6804,Plant A,Writing Utensils,Group 14
6807,Plant A,Writing Utensils,Group 14
6816,Plant A,Writing Utensils,Group 14
6834,Plant A,Writing Utensils,Group 14
6841,Plant A,Writing Utensils,Group 14
6842,Plant A,Writing Utensils,Group 14
6845,Plant A,Writing Utensils,Group 14
6848,Plant A,Writing Utensils,Group 14
6851,Plant A,Writing Utensils,Group 14
6852,Plant A,Writing Utensils,Group 14
6854,Plant A,Writing Utensils,Group 14
6858,Plant A,Writing Utensils,Group 14
6861,Plant A,Writing Utensils,Group 14
6863,Plant A,Writing Utensils,Group 14
6864,Plant A,Writing Utensils,Group 14
6865,Plant A,Writing Utensils,Group 14
6872,Plant A,Writing Utensils,Group 14
6881,Plant A,Writing Utensils,Group 14
6882,Plant A,Writing Utensils,Group 14
6884,Plant A,Writing Utensils,Group 14
6886,Plant A,Writing Utensils,Group 14
6899,Plant A,Writing Utensils,Group 14
6901,Plant A,Writing Utensils,Group 14
6909,Plant A,Writing Utensils,Group 14
6910,Plant A,Writing Utensils,Group 14
6911,Plant A,Writing Utensils,Group 14
6912,Plant A,Writing Utensils,Group 14
6913,Plant A,Writing Utensils,Group 14
6916,Plant A,Writing Utensils,Group 14
6924,Plant A,Writing Utensils,Group 14
6925,Plant A,Writing Utensils,Group 14
6932,Plant A,Writing Utensils,Group 14
6936,Plant A,Writing Utensils,Group 14
6937,Plant A,Writing Utensils,Group 14
6940,Plant A,Writing Utensils,Group 14
6943,Plant A,Writing Utensils,Group 14
6944,Plant A,Writing Utensils,Group 14
6949,Plant A,Writing Utensils,Group 14
6950,Plant A,Writing Utensils,Group 14
6954,Plant A,Writing Utensils,Group 14
6966,Plant A,Writing Utensils,Group 14
6968,Plant A,Writing Utensils,Group 14
6971,Plant A,Writing Utensils,Group 14
6984,Plant A,Writing Utensils,Group 14
6985,Plant A,Writing Utensils,Group 14
6988,Plant A,Writing Utensils,Group 14
6990,Plant A,Writing Utensils,Group 14
6995,Plant A,Writing Utensils,Group 14
6998,Plant A,Writing Utensils,Group 14
7000,Plant A,Writing Utensils,Group 14
7001,Plant A,Writing Utensils,Group 14
7008,Plant A,Writing Utensils,Group 14
7010,Plant A,Writing Utensils,Group 14
7013,Plant A,Writing Utensils,Group 14
7014,Plant A,Writing Utensils,Group 14
7016,Plant A,Writing Utensils,Group 14
7017,Plant A,Writing Utensils,Group 14
7028,Plant A,Writing Utensils,Group 14
7033,Plant A,Writing Utensils,Group 14
7034,Plant A,Writing Utensils,Group 14
7038,Plant A,Writing Utensils,Group 14
7046,Plant A,Writing Utensils,Group 14
7053,Plant A,Writing Utensils,Group 14
7058,Plant A,Writing Utensils,Group 14
7063,Plant A,Writing Utensils,Group 14
7067,Plant A,Writing Utensils,Group 14
7072,Plant A,Writing Utensils,Group 14
7073,Plant A,Writing Utensils,Group 14
7077,Plant A,Writing Utensils,Group 14
7082,Plant A,Writing Utensils,Group 14
7087,Plant A,Writing Utensils,Group 14
7091,Plant A,Writing Utensils,Group 14
7094,Plant A,Writing Utensils,Group 14
7100,Plant A,Writing Utensils,Group 14
7103,Plant A,Writing Utensils,Group 14
7109,Plant A,Writing Utensils,Group 14
7111,Plant A,Writing Utensils,Group 14
7118,Plant A,Writing Utensils,Group 14
7127,Plant A,Writing Utensils,Group 14
7139,Plant A,Writing Utensils,Group 14
7165,Plant A,Writing Utensils,Group 14
7166,Plant A,Writing Utensils,Group 14
7167,Plant A,Writing Utensils,Group 14
7170,Plant A,Writing Utensils,Group 14
7173,Plant A,Writing Utensils,Group 14
7179,Plant A,Writing Utensils,Group 14
7181,Plant A,Writing Utensils,Group 14
7190,Plant A,Writing Utensils,Group 14
7191,Plant A,Writing Utensils,Group 14
7194,Plant A,Writing Utensils,Group 14
7196,Plant A,Writing Utensils,Group 14
7197,Plant A,Writing Utensils,Group 14
7198,Plant A,Writing Utensils,Group 14
7208,Plant A,Writing Utensils,Group 14
7209,Plant A,Writing Utensils,Group 14
7211,Plant A,Writing Utensils,Group 14
7213,Plant A,Writing Utensils,Group 14
7219,Plant A,Writing Utensils,Group 14
7229,Plant A,Writing Utensils,Group 14
7233,Plant A,Writing Utensils,Group 14
7235,Plant A,Writing Utensils,Group 14
7237,Plant A,Writing Utensils,Group 14
7244,Plant A,Writing Utensils,Group 14
7258,Plant A,Writing Utensils,Group 14
7259,Plant A,Writing Utensils,Group 14
7262,Plant A,Writing Utensils,Group 14
7263,Plant A,Writing Utensils,Group 14
7270,Plant A,Writing Utensils,Group 14
7271,Plant A,Writing Utensils,Group 14
7275,Plant A,Writing Utensils,Group 11
7280,Plant A,Writing Utensils,Group 11
7293,Plant A,Writing Utensils,Group 11
7296,Plant A,Writing Utensils,Group 11
7308,Plant A,Writing Utensils,Group 11
7321,Plant A,Writing Utensils,Group 11
7324,Plant A,Writing Utensils,Group 11
7327,Plant A,Writing Utensils,Group 11
7331,Plant A,Writing Utensils,Group 11
7334,Plant A,Writing Utensils,Group 11
7337,Plant A,Writing Utensils,Group 11
7339,Plant A,Writing Utensils,Group 11
7340,Plant A,Writing Utensils,Group 11
7342,Plant A,Writing Utensils,Group 11
7347,Plant A,Writing Utensils,Group 11
7351,Plant A,Writing Utensils,Group 11
7354,Plant A,Writing Utensils,Group 11
7356,Plant A,Writing Utensils,Group 11
7361,Plant A,Writing Utensils,Group 11
7363,Plant A,Writing Utensils,Group 11
7371,Plant A,Writing Utensils,Group 11
7375,Plant A,Writing Utensils,Group 11
7382,Plant A,Writing Utensils,Group 11
